title,href,body
Foot Anatomy and Common Foot Problems - Verywell Health,https://www.verywellhealth.com/foot-anatomy-and-physiology-3119204,"Common causes of foot pain include plantar fasciitis, bunions, flat feet, heel spurs, mallet toe, metatarsalgia, claw toe, and Morton's neuroma. If your feet hurt, there are effective ways to ease the pain. Some conditions specific to the foot can cause pain, less movement, or instability. Verywell / Alexandra Gordon."
Foot - Wikipedia,https://en.wikipedia.org/wiki/Foot,"The foot (pl.: feet) is an anatomical structure found in many vertebrates. It is the terminal portion of a limb which bears weight and allows locomotion. In many animals with feet, the foot is a separate [clarification needed] organ at the terminal part of the leg made up of one or more segments or bones, generally including claws and/or nails."
"Foot Anatomy, Pictures & Model | Body Maps - Healthline",https://www.healthline.com/human-body-maps/foot,"Foot. The foot is the lowermost point of the human leg. The foot's shape, along with the body's natural balance-keeping systems, make humans capable of not only walking, but also running ..."
"Foot (Anatomy): Bones, Ligaments, Muscles, Tendons, Arches and Skin",https://biologydictionary.net/foot/,"The foot is a part of vertebrate anatomy which serves the purpose of supporting the animal's weight and allowing for locomotion on land. In humans, the foot is one of the most complex structures in the body. It is made up of over 100 moving parts - bones, muscles, tendons, and ligaments designed to allow the foot to balance the body's ..."
Foot Definition & Meaning - Merriam-Webster,https://www.merriam-webster.com/dictionary/foot,foot: [noun] the terminal part of the vertebrate (see 1vertebrate) leg upon which an individual stands.
"Foot bones: Anatomy, conditions, and more - Medical News Today",https://www.medicalnewstoday.com/articles/324336,"The foot is an intricate part of the body, consisting of 26 bones, 33 joints, 107 ligaments, and 19 muscles. Scientists group the bones of the foot into the phalanges, tarsal bones, and metatarsal ..."
Foot Pain and Problems | Johns Hopkins Medicine,https://www.hopkinsmedicine.org/health/conditions-and-diseases/foot-pain-and-problems,"Foot pain is often caused by improper foot function. Poorly fitting shoes can worsen and, in some cases, cause foot problems. Shoes that fit properly and give good support can prevent irritation to the foot joints and skin. There are many types of foot problems that affect the heels, toes, nerves, tendons, ligaments, and joints of the foot."
What to know about foot anatomy - Medical News Today,https://www.medicalnewstoday.com/articles/foot-anatomy,"Tarsals. The tarsals are a group of seven bones close to the ankle. The proximal tarsal bones are the talus and the calcaneus, which is the largest bone of the foot. The talus is on top of the ..."
"Foot | Description, Drawings, Bones, & Facts | Britannica",https://www.britannica.com/science/foot,"Foot, in anatomy, terminal part of the leg of a land vertebrate, on which the creature stands. In most two-footed and many four-footed animals, the foot consists of all structures below the ankle joint: heel, arch, digits, and contained bones. Learn more about the foot."
"Anatomy, Bony Pelvis and Lower Limb: Foot - StatPearls - NCBI Bookshelf",https://www.ncbi.nlm.nih.gov/books/NBK546698/,"The foot is a complex anatomic structure composed of numerous bones, joints, ligaments, muscles, and tendons responsible for the complex coordinated movements of gait and our ability to stand upright. By definition, the foot is the lower extremity distal to the ankle joint. The ankle joint (sometimes referred to as the tibiotalar joint) is the result of the assembly of the talus and the recess ..."
"Anatomy of the Foot: Muscles, Tendons, Nerves, and Bones",https://patient.info/news-and-features/anatomy-of-the-foot,The muscles of the foot are located mainly in the sole of the foot and divided into a central (medial) group and a group on either side (lateral). The muscles at the top of the foot fan out to supply the individual toes. The tendons in the foot are thick bands that connect muscles to bones. When the muscles tighten (contract) they pull on the ...
Foot Pain: Causes & Treatment - Cleveland Clinic,https://my.clevelandclinic.org/health/symptoms/foot-pain,"Foot pain can occur on the top, bottom or sides of your feet. It can affect your heel, toes, arch and anywhere in between. Because most of us use our feet every day, foot pain is common. But in addition to overuse, you can develop foot pain from sporting injuries, underlying health conditions and wearing shoes that don't fit properly."
"Foot Pain in Arches, Ball, Heel, Toe and Ankle Problems - WebMD",https://www.webmd.com/pain-management/foot-pain-causes-and-treatments,Rest your foot. Use ice or cold packs on the bottom of your foot and your heel for about 15 minutes as you feel pain. Compress your ankle with a snug elastic bandage or wrap. Keep your foot raised ...
"Foot Pain: Causes, Treatment, and Prevention - Verywell Health",https://www.verywellhealth.com/common-causes-of-foot-pain-2696405,"Foot pain can affect the bottom of your foot, the arch of your foot, or the ball of the foot and the toes. Each type of pain and the condition that causes it is treated in a different way, but some treatment strategies include stretching and strengthening exercises, anti-inflammatory drugs, and orthotics. In severe cases, surgery may be necessary."
FOOT | English meaning - Cambridge Dictionary,https://dictionary.cambridge.org/dictionary/english/foot,FOOT definition: 1. the part of the body at the bottom of the leg on which a person or animal stands: 2. to stand…. Learn more.
"Ankle and foot anatomy: Bones, joints, muscles | Kenhub",https://www.kenhub.com/en/library/anatomy/ankle-and-foot-anatomy,"Ankle anatomy. The ankle joint, also known as the talocrural joint, allows dorsiflexion and plantar flexion of the foot. It is made up of three joints: upper ankle joint (tibiotarsal), talocalcaneonavicular, and subtalar joints.The last two together are called the lower ankle joint. The upper ankle joint is formed by the inferior surfaces of tibia and fibula, and the superior surface of talus."
"17 Common Foot Problems: Athlete's Foot, Blisters and More - Healthline",https://www.healthline.com/health/foot-problems,"Stone bruise. Flat foot. Morton's neuroma. Sesamoiditis. Diabetic neuropathy. When to see a doctor. Foot conditions can vary in type, symptoms, and severity. These 17 issues are the most common. A ..."
Foot (unit) - Wikipedia,https://en.wikipedia.org/wiki/Foot_(unit),"The foot (pl. feet; standard symbol: ft) is a unit of length in the British imperial and United States customary systems of measurement.The prime symbol, ′, is commonly used to represent the foot. In both customary and imperial units, one foot comprises 12 inches, and one yard comprises three feet. Since an international agreement in 1959, the foot is defined as equal to exactly 0.3048 meters."
Ten common foot problems: Causes and treatment - Medical News Today,https://www.medicalnewstoday.com/articles/319190,"Athlete's foot is most commonly caused by walking in damp areas. It can be highly contagious. Athlete's foot is a fungal infection of the skin, usually found between the toes."
Athlete's foot - Symptoms and causes - Mayo Clinic,https://www.mayoclinic.org/diseases-conditions/athletes-foot/symptoms-causes/syc-20353841,"Athlete's foot (tinea pedis) is a fungal skin infection that usually begins between the toes. It commonly occurs in people whose feet have become very sweaty while confined within tight-fitting shoes. Signs and symptoms of athlete's foot include an itchy, scaly rash. The condition is contagious and can be spread via contaminated floors, towels ..."
Foot arthritis: What it feels like and how to treat it - Medical News Today,https://www.medicalnewstoday.com/articles/what-does-arthritis-in-the-foot-feel-like,"Foot arthritis can limit mobility and affect a person's daily life. It can cause pain and swelling in the foot, ankle, legs, and back. Read more here."
"The Heart of Sneakers | Sneakers, Apparel & More | Foot Locker",https://www.footlocker.com/,"Latest sneakers, footwear and apparel for men, women and kids. Awesome deals and exclusive styles from Jordan, Nike, adidas, New Balance and more."
Foot Mercato : Info Transferts Football - Actu Foot Transfert,https://www.footmercato.net/,"Suivez toute l'actu du football en direct : Info transfert, mercato et résultats. L'actualité des joueurs et des clubs de foot en France et en Europe avec Footmercato"
FOOT | traducir al español - Cambridge Dictionary,https://dictionary.cambridge.org/es/diccionario/ingles-espanol/foot,"traducir FOOT: pie, pie, pie [masculine], pie [masculine]. Más información en el diccionario inglés-español."
"""By foot"" vs. ""on foot"" - English Language & Usage Stack Exchange",https://english.stackexchange.com/questions/17943/by-foot-vs-on-foot,"Mr. Foot's horse (one's feet),to catch.. on the wrong foot (to catch unaware), to get off on the wrong/right foot (to start un/successfully) on foot refers to a way of locomotion: to go on foot: to walk as opposed to 'ride.' (OED) and, according to Oxford Dictionaries. to go on/by foot: walking rather than travelling by car or using other ..."
FOOT中文(简体)翻译：剑桥词典 - Cambridge Dictionary,https://dictionary.cambridge.org/zhs/词典/英语-汉语-简体/foot,"foot翻译：身体部位, （人或动物的）脚，足, 度量单位, 英尺（相当于12英寸或30.48厘米，有时用符号'表示）, 底部, 底部；下端, 诗歌, （诗的）音步, 支付（账单或费用）。了解更多。"
"Men's Shoes, Clothing, Accessories, & Equipment | Foot Locker",https://www.footlocker.com/category/mens.html,"Shop the latest selection of Men's at Foot Locker. Find the hottest sneaker drops from brands like Jordan, Nike, Under Armour, New Balance, and a bunch more. Free shipping for FLX members."
Scores & Fixtures - Football - BBC Sport,https://www.bbc.co.uk/sport/football/scores-fixtures,"All the football fixtures, latest results & live scores for all leagues and competitions on BBC Sport, including the Premier League, Championship, Scottish Premiership & more."
"Ball of Foot Pain: Causes, Symptoms, and Relief - Healthline",https://www.healthline.com/health/ball-of-foot-pain,"Takeaway. Aching pain in the ball of your foot (metatarsal pain) can occur with inflammation, bruising, numbness, and the pain may get worse during activity. It can be caused by injury ..."
"Drop Foot: Causes, Treatments, and More - Healthline",https://www.healthline.com/health/drop-foot,"Foot drop, or drop foot, is a difficulty in lifting the front part of the foot, which can make walking challenging. It is a common symptom of multiple sclerosis (MS). Learn more about causes and ..."
